feature_0,feature_1,target
1.3326875987630233,12.418649668900693,2
10.657632591414645,11.660390394615181,3
-2.2635722273341568,0.7089646201543822,0
0.9788926571470092,0.8554616955660258,0
9.093086577986497,2.1625999317375646,1
12.4644867942203,-0.27159241251328575,1
11.250243532873126,11.62321610030715,3
-1.8340211645920492,0.31644919247852615,0
10.031011963243785,-0.4168197694234952,1
-1.5254258391665947,11.680265685112964,2
0.24094400696181545,-1.4125955815320814,0
12.171121732718795,13.778493832667863,3
8.546332408288546,11.209954671918577,3
-0.5914060880633313,0.3762078127932939,0
0.23535375313791598,11.733922140540383,2
11.055373173327563,2.605373006670233,1
2.391550497450031,-2.9133876758822566,0
13.971894172936842,7.423835990216643,3
-3.333180586052796,12.614594517123395,2
0.7407334040510722,11.399356791751055,2
13.296124360901914,6.080905350478536,3
1.1340438620249769,1.4848973763202964,0
1.7472141505376506,8.617851644173564,2
-0.7053325768129679,-0.03731488212886499,0
1.2952405263526787,-1.353863468504131,0
-1.4377222592439525,0.16851014693372632,0
3.394027151126439,1.8920617173035985,0
10.952446992664745,11.550691882085205,3
10.540996495226556,-4.75951689364527,1
-0.9918566666901183,8.920148628446572,2
2.7295737986839357,3.3043995334870333,0
3.971257334340064,-0.7597395231666919,0
10.516483003937047,10.163802362493335,3
9.355703319195499,9.926058862490937,3
0.6406981394169659,1.1906003259508686,0
-1.7352160514881219,-0.8758617782515106,0
0.9821731877826932,10.249846346994774,2
-2.5896741496578968,1.646249737788877,0
10.419732028646266,0.7404736974335514,1
14.544634657045131,8.478498238541551,3
1.477497312112424,10.544297181281463,2
8.786686236227151,2.2893887167685767,1
-1.948123177899084,15.272617171804383,2
8.342504626755208,-1.3401327406141166,1
-0.2840608318558107,9.33113259270297,2
1.137016820760963,9.34240793395508,2
1.1894347352089616,11.293335767435249,2
-1.0098392829536074,1.0097625613468981,0
2.792982777014145,10.343487436652158,2
1.8164607717979475,0.8361226108505162,0
7.689349167335893,-2.2661181602123217,1
7.8573083775653245,2.737497488401818,1
-2.2933328327150373,4.540104242479623,2
-1.9155249857863188,-1.4180204540511245,0
8.751125709567361,-1.3559632159101462,1
8.341524610799095,-2.770765197348741,1
0.604103981499936,-0.2824708093986748,0
6.989270330532454,4.587836996263039,3
2.4758410159167132,9.986833426141017,2
-0.22720345609328269,9.266894940986411,2
10.728353771249106,-1.2968035433537652,1
-1.0856677416395801,1.0500346982579158,0
11.76650347912601,12.456267764595118,3
3.3041266758785808,0.5184497490539939,0
3.49984632373639,10.881795527502435,2
-2.288107209438668,1.309358487192872,0
0.6063307252717878,-0.8281675214457878,0
11.58132403940119,9.683331229711786,3
13.483726123589474,-0.3542140787203323,1
2.369078588788797,-1.3309598543978367,0
11.232472659404733,10.180408106132612,3
11.847781788364493,-0.8477957177729808,1
11.658004313052963,10.333711646116392,3
0.9294040752026452,-2.0000260561653995,0
9.652884907334938,10.838383067921376,3
0.03015339210331284,6.127133561440965,2
-0.609692608149479,0.1566119535692549,0
-0.3947182646615732,0.4213406152639992,0
11.847589867799517,-1.6519046467735619,1
11.43357908005677,1.176969834918578,1
9.182865875283639,-4.679938702779033,1
10.03612908704708,10.44888873362044,3
0.6646957671379043,12.137712192014579,2
11.625669228019555,-0.31883179336285783,1
-1.49841351090955,0.2899287145295677,0
10.264511359255643,15.12222913073446,3
1.6829724413095912,10.276882047515924,2
12.83582368759381,10.118739379932052,3
1.3255339457995607,-0.09562098260764344,0
-2.339761172678249,10.035735853557664,2
8.3361026228412,8.974984238547062,3
2.297245659956899,11.5998504313729,2
9.161827202065703,-0.08779240879384852,1
-2.5734135693132463,1.177911979831935,0
7.970982618465602,9.873782002823106,3
-0.29179023342778615,11.8662352953317,2
2.2124722764226465,0.36235600901843057,0
10.201179117169168,15.451113673582888,3
8.813710697886775,0.3941337201860115,1
12.42023945126314,-1.7157181195958986,1
1.8139934991034032,7.783813466891928,2
7.739512187222866,8.217343262892616,3
10.461492376695807,-1.064092231377416,1
9.633655018479125,-3.9835188824799435,1
-1.3135919389048767,0.7554359499750135,0
9.025509069937321,10.179154199834588,3
0.3593976733879924,-1.331700241449009,0
9.679433453473024,9.050557417632504,3
12.702686352474132,-2.880994683483212,1
9.990698136137906,12.540602266894329,3
2.314175854653523,10.488558533495363,2
0.7164626517891014,6.197574824186559,2
8.310961245929427,-4.259249849789529,1
-1.512755559637965,-1.4038665795136474,0
4.965007659165989,3.577786889585252,1
-0.11348965167496601,-0.8040882876356733,0
7.433640501033264,8.296721312138423,3
10.014297948183966,6.410646901626494,3
8.098532993530025,2.9264583454234288,1
0.13368048770990984,10.571935894806852,2
9.81242686425414,13.686655805357848,3
11.989292526441043,0.7750922461712566,1
-1.998382278457649,8.447371446578993,2
7.659621951616858,7.620806025353147,3
-3.414840270708788,-3.1743683866177963,0
6.173497784245567,-2.056450306780454,1
-0.46622056929239436,0.21365254548312407,0
7.29121579233573,5.871364375601083,3
-2.1131492111798504,-2.1861684230415253,0
12.38874495699665,3.910230853288804,1
1.5112809310797044,9.721481347061097,2
-2.214831418125517,-0.6737218585906659,0
8.300894663145089,7.829620614876751,3
8.633922399233358,-0.22599191988141337,1
9.497555125882997,-1.9567388181381105,1
2.165123882326236,9.493496243578196,2
11.808358393470238,-0.6515890754307807,1
-3.6161120244314726,10.00387557179589,2
4.985874361128152,-1.6514441457849813,0
-3.8893280958392924,9.47415303788292,2
-1.3512031960686166,13.995525484728343,2
-0.01892761747843603,9.204309100789928,2
-2.8445881926295375,-0.43269816174596537,0
1.2593808491462102,-1.9626528133913201,0
-0.5056287792957062,9.300100683685846,2
7.480283375539173,1.8322090758576526,1
11.683763447615048,10.127930277093354,3
1.952560667871021,-2.0861682101670116,0
0.19764555764781971,9.05279500546009,2
2.277760161589713,10.499972245945184,2
9.625569830055978,10.642899101604087,3
-1.1425652246771947,-0.5723864160291419,0
12.130846275941307,11.426339965332401,3
7.927391660189115,0.06031207041901464,1
1.8128118361966703,10.32203960871444,2
-2.417923110940196,-2.0926598707142694,0
-0.44708917191479086,3.8693611420104568,0
-0.533647103436573,1.2346689265130009,0
13.499251504765358,2.0488675911748544,1
10.098977382248062,9.763036854268714,3
14.057789680381369,7.134372834729031,3
-3.0898938475902757,-1.5255297061614501,0
0.2608850022969832,1.1879054611685107,0
6.027133716785756,6.364012760472233,3
7.944370145352673,9.08700244571234,3
11.224916821979429,-1.0602622655638156,1
-1.7859385815600046,10.829786392665273,2
13.801311357633935,-1.2871848423693786,1
-0.2591562180562778,10.129132025241361,2
0.975618159694991,-1.6926249071198283,0
12.032885393102923,0.2616312130571841,1
5.310446235503919,-3.0240428789583866,0
8.690470239160943,9.83255517294611,3
8.454527419188455,7.2014652667862435,3
5.86390030933341,11.590853153746473,3
1.9096324107474896,2.238740049379046,0
-3.8356592188658385,12.199414399572722,2
10.78256250690784,10.417573370421351,3
-1.7710201177331044,8.50517506917882,2
13.128295763988483,2.903196082297261,1
1.3664360964973734,1.252759869349149,0
-3.0019815478048386,-1.1877012538028968,0
-1.7921393032950175,10.471100248305113,2
1.5958440571327581,11.345498071834772,2
-0.8472415629030638,11.006366122715242,2
9.903612574305477,-0.7508273405123379,1
10.857226820856276,12.027868630281942,3
-1.4419132311338037,0.8085590210042377,0
11.649726307342547,-2.5366329113472013,1
9.963744216397787,11.359259862842244,3
11.861488840518387,-1.9265320219206488,1
-3.685089678049138,0.8800792661534343,0
13.049172920809907,0.8129499309439642,1
2.646246542756901,9.326581501104192,2
10.321169402466625,0.472773480062805,1
10.177491060905583,8.892132875056555,3
10.542556777021408,1.389901046864027,1
8.30238137743152,7.459836251523287,3
1.3034726288700034,1.906163429052706,0
14.109707465634177,-2.0303245120483324,1
8.671742542569884,6.2082427528474025,3
2.623648092819882,10.066475637573216,2
-2.8702289623448274,10.088729233504157,2
3.2229969678288755,10.657554505062866,2
-0.07334296733545613,-1.7502157809961458,0
-0.3085446114411932,3.061723656662006,0
15.180504139721187,0.5801419553639067,1
0.12849809161774325,12.68397878787286,2
6.6842292507063705,7.248818298850372,3
7.3456562537580865,8.77841383537328,3
10.423491656499921,8.972478767247983,3
-4.171529345906183,8.320768038171241,2
-1.530128799609977,11.899169986534547,2
10.238031696608083,9.428703524618609,3
3.0300601149685007,-2.834467344192339,0
12.116822944467035,0.9988814637890824,1
-0.4927795242791594,8.446898283457966,2
2.2053421358411076,-0.21208211266540145,0
1.160290883750748,2.0164464906352606,0
4.124460245589079,0.9280320244308529,0
7.693934132931047,8.893114101806253,3
2.3078646027746577,-1.206896280418725,0
10.204194565933971,8.618700936207366,3
15.083259501399475,-1.1863656325114553,1
12.630823140958796,3.8962299452561258,1
14.594618846587185,-3.5224453819272745,1
8.27964639620959,-0.9778637457807493,1
7.813761524115666,7.732557027055767,3
10.61784090982441,0.8117367568325385,1
-3.397191876257132,10.763551348639966,2
12.092981039196204,-2.677759089449709,1
9.110022620852456,9.106060030287294,3
-2.1114684941365285,-3.039209390760188,0
0.3963915314694933,-1.1742120631782695,0
2.7022665663220597,10.984487732830997,2
9.066444355258023,7.208014752926003,3
10.725985746038,2.072971004539131,1
10.690549447012863,9.382769566183427,3
-3.825592683491079,3.2334446044164133,0
-0.16252665574455125,7.798989648691865,2
11.409045723493437,9.283316700124411,3
-0.9900893678319292,9.67990480055304,2
11.177231983231767,-1.2356749758833312,1
3.3084737996923614,1.4842659225186363,0
10.397104858510673,-2.057412465403849,1
9.768063251370556,-0.9646101006404201,1
2.824932772593878,1.5508285491725338,0
0.08511350890443517,6.012684334399897,2
1.7398666973413364,10.67664395625123,2
10.794662430759567,1.2354485934176345,1
10.350408841457488,1.3341017120014125,1
-0.05935693273170457,-0.5940413210386791,0
0.30586134282239164,9.265155061591184,2
2.7416241042534373,11.928294058462905,2
1.2461684502452821,0.25319819217886436,0
-0.7508035183909523,11.257316850903077,2
-0.08219689399949158,-3.18498241015767,0
0.8114076529820665,8.285882920923479,2
9.003895200039842,9.893161678314694,3
9.24858011271504,10.333425148984194,3
9.867291382838202,12.11302095085864,3
-1.1987761311172542,9.80630596150665,2
10.170985405654209,1.8081663500447795,1
8.398656883779214,2.155238298454032,1
-0.08356481569858365,-2.8914961928570238,0
14.667716317771859,13.829438978734832,3
-0.046881191644302565,7.60707074574688,2
-0.5014841510903627,13.193672589176625,2
10.819313958928584,10.811681147123489,3
9.307879442468955,8.747029409315845,3
8.235498588118936,11.758831554144754,3
11.4558686652989,-0.5381900225052221,1
11.911720932016141,12.934644112306916,3
-2.9325858146573838,2.2181640366706676,0
-1.0416903235136235,1.4094768665417037,0
-1.4667212271195518,10.435586693640907,2
1.5374442107995128,11.46899390791682,2
11.253094583775699,12.051934686980594,3
3.260396160687573,2.2014717877660006,0
14.773886100725536,-0.3081310502202251,1
-2.330239658516592,2.388474179239217,0
-0.914294425561948,10.720946869368557,2
6.98283264896823,-4.361445685173462,1
10.596401278356728,11.74256304779149,3
11.586541288483009,13.252692066059364,3
9.92582091595027,0.04231217061635126,1
-0.07340210699697532,8.980586211263235,2
-0.17991294562725238,-1.0587979705690516,0
9.144152762562566,10.535554842483144,3
1.4492271116520061,13.928750358249083,2
-0.722559898092781,5.601468855341644,2
10.042291929425852,8.82738967148792,3
2.759865805264612,-1.9998745462334406,0
0.4352351498192745,1.5957106354403756,0
-2.8947565162177127,0.6655934015104826,0
12.212972481744673,8.3116938403984,3
-2.141085934540846,0.576781001331719,0
9.689743452027699,0.6855223459330081,1
2.348924828166094,-0.40947185231888583,0
13.31526337982196,9.046962243021841,3
0.6834599421761849,-0.2958904307324132,0
1.5665576169083408,-0.12576561452650314,0
11.629835863950298,-0.7986306120143302,1
0.8277855143676692,13.830343026080852,2
5.470352853774224,-3.682727740109983,1
13.953351672219378,11.04515712927132,3
11.247598410512538,5.299887112646826,1
-2.7327904514683663,0.6410974642325937,0
10.224002323300455,-0.1550289073150343,1
10.819166944563023,-0.5824979463226089,1
-0.3509582107073972,-0.9212597351986453,0
-0.015352820307918407,1.0356007664657654,0
11.501752809722724,9.673422265452455,3
3.534250203695903,9.450690046346516,2
14.170717755162851,8.275150406472735,3
1.2033895363007008,3.5691294739747312,0
10.988621185661708,10.227189485051568,3
-2.2539867610068236,-2.2935248139451154,0
-1.1707483556192297,0.27626925524673457,0
2.9989572945715905,9.939155540600145,2
9.026095082031828,12.46909839805597,3
0.9721170778772708,0.3664164834030134,0
6.671669980977391,2.052392930041908,1
11.151937947050762,9.993567510637085,3
9.811966629807431,-0.46353321825755633,1
11.472603794307116,-1.8431186048868997,1
1.8998945402379908,5.447704412239997,2
12.638657167919654,10.308428602667732,3
0.04458181669655439,-0.5584526616775952,0
2.1470037968459406,1.7475019011508686,0
9.526987770533767,1.4271466225943839,1
10.148580969534432,9.51640770196643,3
-1.5266227800830585,1.834742135213751,0
12.74764407774734,12.454187874535045,3
11.053685454258632,11.308862538743487,3
-0.6242667389478062,11.443253217761148,2
10.017551346905332,9.698461599084528,3
13.597222369954752,11.292139622880114,3
-0.6908267269019449,13.337501508402138,2
8.359130885963811,7.1104867898737005,3
9.959432388360495,14.23732634851756,3
-2.1625453180608574,10.545007293138719,2
8.739342401406203,10.07753807156022,3
13.904701038894302,2.469443063554379,1
-1.4086972371408193,-1.5003537249570098,0
2.84382125016608,-0.375888387970416,0
-2.476382745223283,15.59196462929657,2
8.781902480017457,-0.3642226718657255,1
1.7875374069463907,12.466102844345501,2
10.035141914422137,2.2183499705496996,1
-0.3226329102313802,0.08493368257294781,0
8.891223185612107,1.7258783953915469,1
-1.5227748654075821,-4.295199679069361,0
14.941862623521413,-1.3878726546242057,1
-1.235971420020384,0.7139079419250187,0
0.9129343051847019,13.577601050714057,2
-0.414398377835308,8.54623530246199,2
12.122418526180352,6.077828282938861,3
6.417234563439963,-1.2252956749422892,1
1.460232756133113,-3.31306295496763,0
8.738872306790645,-0.2135980827497751,1
6.125922142795925,0.9995219357876375,1
-1.5651348500478865,14.094894979351327,2
12.11914690169252,-1.4606321377414648,1
4.919634717177569,-1.1263556754529178,1
13.380291377718569,9.004898972887617,3
-3.6041067598297976,9.178903105614326,2
-1.1797731987284235,7.619384888706762,2
1.1745592758834884,9.900861873433472,2
1.4914512005815597,1.2846473952338342,0
0.22604422064870264,-1.052710357551776,0
1.1462598029141742,13.110898579873043,2
-3.9311131907143593,0.15284139490847104,0
-2.153605053370623,9.150848777198997,2
2.4823895630133563,10.591104134190148,2
1.5424704900231978,-2.5207333096239575,0
0.8741698473850038,11.930255049466426,2
4.571073216589483,1.5126542962868605,0
10.201636416058102,14.065500151669095,3
6.594555645550379,0.31181357256302056,1
0.3730906333653218,12.122792249294015,2
5.301046810433105,2.2131030568934804,1
8.949429434824898,2.7382270791144845,1
-0.27227878946466,8.906005141958747,2
-2.0825847789090592,11.917241550732166,2
12.628173071363747,11.443962228197009,3
-0.5034151332113543,-1.043281087609612,0
10.869971017798848,2.0001923414743303,1
1.2096290926632196,9.105192286761175,2
8.397100243537844,10.669320220661604,3
-1.2417554153978132,10.514238769211664,2
9.39298943122704,9.632226240906052,3
9.969895654172873,-2.9442713300050585,1
0.46641264533513593,8.245215718971345,2
1.8304842517962836,7.988774367969108,2
7.424046731169487,-2.7868201163667616,1
-1.6814277112887015,8.621209197464376,2
9.76981741224437,0.4726015530329603,1
0.8455798376888228,1.5806716073200038,0
-0.8652672788588602,3.8568741041392425,0
3.2512118247778496,-0.5891054429447982,0
7.0837158028140585,14.227494499996746,3
-1.3831810835266465,9.313042155983494,2
0.9017746585796085,8.886788929818431,2
-0.9230470414330796,7.759713862085022,2
1.5386289036697534,3.0386444716073977,0
6.844220421681711,9.684440437232322,3
9.075202810374194,9.10603963520134,3
-0.12952152137087852,17.078716069276112,2
-0.631843408630524,2.5684129791764136,0
1.8941207983996788,9.089808338265767,2
9.12120556443956,1.6662280483591323,1
9.94722955310047,7.882150460156519,3
7.441837415753077,-0.23528059645068558,1
10.00720891791107,9.639986218311163,3
-2.1585289204867513,1.3147016802933997,0
-3.4074502931178863,12.675488189720015,2
1.5560834626174262,0.01730931479697524,0
13.690320728657632,11.852628209451124,3
-0.9844879325020269,-0.499529589411641,0
6.671995661819097,1.6441276603574102,1
-3.098549319019773,-2.2874914888835765,0
8.132256837396646,8.218113487859995,3
8.390931431112016,2.921604891688011,1
6.435628428405655,9.678835676424695,3
11.382018219821614,-0.7813780496779282,1
1.3919142744385162,0.8201269655709419,0
-0.03422777340839772,8.797239247838151,2
9.962371805880025,10.595165207420564,3
7.940249843775214,9.286944222042154,3
8.741144362994481,-0.9444259547483584,1
3.7610113815758357,8.168212523914928,2
0.8983683769711416,8.682864192371158,2
9.686808400180478,-0.3806523760830865,1
-1.11523320942523,10.960222237509015,2
10.625790822106735,-2.3377482076688505,1
7.379454696746418,8.33331996231677,3
8.915001008351206,11.988088121469259,3
9.867505164572329,11.597492153244216,3
-0.2558699260028612,-0.7331476642379984,0
3.3536327139020092,9.913909140118259,2
-1.827635336776963,0.7322219776679652,0
-1.5825648434910944,-1.371702466810797,0
-3.0672173950756627,-3.06636719721915,0
0.585539535481634,0.021793801218274136,0
-1.7929315276048838,9.27402620977964,2
10.81261295922684,10.678375648952448,3
2.723373520131036,10.914376447561304,2
5.128156173602988,8.316389364409096,3
-1.5016085944330881,-0.5061069938136635,0
8.982297729808232,-0.6939456345404227,1
12.321606814509117,12.999757520668453,3
4.912521060608562,8.487279476675921,2
10.56438525561663,-0.46271374278375876,1
-0.11792892978892651,-2.246629489336608,0
9.483448238258346,-1.7831255142926534,1
1.465007062865151,1.0109482856401555,0
9.532367327749096,-1.6972903282950822,1
1.3680444091185544,8.268097275428305,2
11.296351009453792,12.986973905311633,3
1.3393053318461452,5.262612354030011,2
-0.9723367705465049,10.898385053166253,2
-1.2898928558702423,1.5576530241641526,0
-1.1758116518112398,9.661462701576582,2
7.666109842006467,9.357788364674741,3
13.593619807444085,-0.4635241987781991,1
11.028164448397066,-0.10265768218210004,1
11.584812032482429,-1.4219237724670686,1
3.4980966131945372,1.361085567971775,0
3.382866837723837,10.889122818885333,2
2.2159081000193677,8.90931980125303,2
2.194901712078768,-0.37734121845036733,0
1.282698319024926,-1.3406087140078136,0
6.501002233219508,7.5258686502153065,3
8.71188446015434,8.266920418501801,3
8.52994851490902,-1.382323746487272,1
9.698979153402405,-0.6887204327170445,1
11.22571654245845,0.09459752108517107,1
-2.5279879395531477,10.993695095892015,2
10.616820555525427,8.399181516470712,3
-0.6594461635948405,10.28484828776623,2
-2.205882109885356,-4.211651129010494,0
1.4182049193670294,0.0656579269598461,0
3.8498317767551904,-0.5070179987349633,0
15.111859511326873,1.1672192906426193,1
9.404032219424666,-1.5781510947739956,1
11.613980716188157,8.228993021943307,3
0.8196032635013819,5.997663275576409,2
1.8614915969239345,13.544913410283423,2
0.8604929001268053,9.5571059564596,2
0.4091167969948069,8.098691948820285,2
5.269727157336311,9.659781713003998,2
1.2984468524486845,0.038526783736608464,0
7.251216131320085,12.072922226789881,3
10.411449730253509,7.239635649924187,3
-0.06104182524143868,7.31561054143443,2
0.38019990318058355,-1.817320585950424,0
9.102803687604036,9.718442903470683,3
-0.9704791310608671,-0.07727712169199608,0
-2.37669534631424,-0.878830611074641,0
7.851173911187308,2.13501987852641,1
5.221865749270455,10.282635067437255,3
8.871594758663488,-1.0275718123487763,1
6.341250453857278,1.1544890408671857,1
-2.7927582015517753,0.8562875961971893,0
0.5348116009016874,14.731893874705754,2
8.559701849081218,10.471403754651158,3
11.67264527188821,-2.1124532799084625,1
12.678489058876167,10.257171363181262,3
2.468734397591368,10.95816594876662,2
-0.26559092637583465,11.627695586693912,2
8.739501351148112,-1.3339898512945954,1
0.20154364655546975,1.133171332768124,0
9.725451806516697,-0.7151534531185313,1
8.79717558818577,1.7415541139079198,1
-5.127102326202695,-1.083050706382191,0
0.7583570979713573,8.894855314241376,2
-2.449574974328546,-0.27289880793248533,0
5.0277290329374775,-2.8401840764319832,1
-0.49438366523125876,-0.43257680955530786,0
0.9725638658464066,7.071893130364701,2
9.464327891427224,10.887939890193561,3
-0.8560726716632975,8.838432080519253,2
11.451241246670557,8.990646775587518,3
12.976224881316183,12.70336154474588,3
9.15495554007345,-0.7336168681801436,1
10.536195128404119,10.97675732972244,3
-2.3062723750769285,2.9197678030016974,2
10.753752018245027,10.394266537082956,3
-2.7675846125018086,8.176859280287543,2
-0.9844578565335059,7.641103628802142,2
9.906820958478061,-2.5128793057404613,1
-0.5981835237259155,2.8528339558750364,0
1.1760013738673354,1.311336731823864,0
9.893823357357487,-3.581933999100616,1
2.016617110189073,1.8550297279284123,0
-1.6654685244885614,8.659023593557276,2
10.488304701797583,9.292362408171082,3
-0.372713623128706,0.2549424525065636,0
6.967700109202207,-2.5494647809122792,1
10.751867957476726,-0.23366552639171614,1
10.270123767563568,-1.0339792665134753,1
2.5217269122059407,3.556322866061491,0
11.281000264398305,0.5667585987395058,1
0.7768309395367434,-1.1339598627932392,0
-1.4681075695127423,10.715205827595032,2
-4.1065834971994235,-2.2821895175672076,0
2.9851946876950075,-2.1999907896070807,0
2.237268240249089,6.438041073624312,2
7.278595153664742,10.079605188938608,3
4.740186843736708,0.23077587327052854,0
-2.1121327691327214,0.0039049044514970774,0
0.6152466217948906,9.44019625811301,2
8.349297758559203,-0.7340423254290251,1
-3.457391643513896,8.974526547507015,2
10.107598052473937,1.4127140686829704,1
8.878608984023709,10.457854264778629,3
1.3318490453078322,7.009863544426961,2
7.824983254233014,-2.88358922582942,1
-0.8404094318610184,8.406232597041498,2
9.290343045902468,5.965990347155541,3
7.994349397863486,0.5036992046933134,1
-0.6991711367344178,9.267883043141797,2
12.234035142345626,1.7037392984320257,1
-1.0990898196164842,-0.5369591948324571,0
10.670445190784479,9.07297094883873,3
9.401050557029677,-0.5608569468872692,1
-3.506737950869086,14.152360612878676,2
0.9987445513388125,2.4740339433951557,0
9.169574070337857,10.095256665816398,3
13.131299621357586,8.683823251559119,3
-1.1950945095071546,-0.4391529738731369,0
2.075303078265982,-2.172639698042946,0
-2.0743284252159344,8.6086410277551,2
10.178612821514271,6.065738429452066,3
12.197935520521487,5.835371875696262,1
-0.9519047503551107,12.112324322179942,2
-3.27447255880285,9.168654084009324,2
1.937050016512289,7.826708614916988,2
-3.1856820008796984,1.0385442576624677,0
9.029714115242713,10.799347494408254,3
-1.5748797084385493,8.38072280037053,2
9.369068260734883,-1.1738280204132532,1
12.125228419195825,2.7531284511092395,1
6.9224578269254815,-2.2076091974834444,1
0.26305394927350156,6.172372252944332,2
1.58235786522044,9.475433780541234,2
2.485287085958158,5.156335527161572,2
8.091528138389204,7.514749128202885,3
-3.576604571657904,1.967703989361211,0
-0.9277680674874029,-4.423358299670731,0
-3.2336284441536143,10.989558138627869,2
2.4549342949836146,-2.7542269601677263,0
-1.3137806179427398,-0.019721399507252508,0
-0.7416388479963095,8.998751395327432,2
1.1452777855579768,11.307291213933958,2
-2.2532865350172924,10.220809865664323,2
9.243647986635517,12.119029670670386,3
-1.3660256388533099,7.092804660583319,2
-0.15085833459493378,9.999516422452068,2
-1.882841888919834,7.179782581018601,2
0.3481047117199435,-2.0471482914967565,0
9.241041831372067,-0.2640747290366761,1
-1.8615543323155592,13.364403404176354,2
1.326753613138006,8.62019136618231,2
11.834702220152426,2.350550817657603,1
0.4481945562401099,0.47275438738520015,0
10.440500574551061,8.847097349396673,3
0.6090840527731565,11.678127761650575,2
15.396619353600641,10.86354876786542,3
-0.19984563226370206,8.155790229074137,2
11.932127345980975,-0.15311015630164412,1
-1.1384025573921719,0.35484337079670314,0
-0.775852213846715,11.315660182620247,2
9.35267502145106,9.06293493464069,3
0.6033160649942266,9.902301735045658,2
9.974512483053832,9.403470299804807,3
9.38203253749277,8.515858806618189,3
1.9654414685216683,0.6135871883836604,0
1.990586355140317,0.5835895356286305,0
-0.24659584359642056,3.7864013655866846,0
2.2007629008417164,7.6154330005498885,2
-1.3377315077062137,11.166283166465336,2
8.623390133871732,1.4698078054005796,1
0.06881013176733317,11.763066905940496,2
3.313048649289862,7.727581323988093,2
0.37250319824408257,0.7018521333077984,0
9.71736933498787,9.626021955629996,3
-1.7630281092624815,3.6778164957268302,0
10.685033253156535,-0.3573293960915769,1
0.6826433234767804,0.8533275031312786,0
10.884889764736515,11.80372990641072,3
-2.431724909387995,2.1284424498621353,0
1.46729990079255,1.8752082797461607,0
11.285781297924443,-5.014694126413571,1
-1.322331085062685,6.028654720166287,2
-0.174875458481599,13.136691798996557,2
8.490620874933313,1.0753634714599445,1
-0.2460600066606333,8.95728549461787,2
-4.170702510292842,11.317112769003149,2
10.840186838028327,-1.8472758488046226,1
13.649269017754936,8.120814475433047,3
7.392155231309388,8.59712365648483,3
6.796659321025042,-4.814924628077996,1
2.375192226646279,1.4474697926849711,0
4.1560321888043115,13.650138860535833,2
0.7506139395681812,7.131731985790392,2
11.119070576151845,8.48482137615094,3
5.9589301534145624,6.707624499711287,3
10.65435714770829,-1.1429665033791097,1
0.17666574314745503,12.062256153798778,2
12.238176835760221,-1.0428305212442006,1
-0.33544410851944884,0.4470004631896859,0
-0.2783944233481619,-0.10499364508940158,0
-0.19045840777492165,-0.8674379047503696,0
2.082911719625892,8.360010331657621,2
1.9093196437725848,8.405739900515599,2
-0.024194778375024532,10.220096392058798,2
0.3514950080534788,9.414669932752899,2
10.38940208058128,3.445193412744439,1
1.1595141241563425,10.10617318336978,2
3.1021622391133827,-0.8397038358106644,0
4.319175927296417,9.206036354252136,2
9.28608125877426,12.10929330665455,3
1.8612711121611725,0.028045782122011902,0
-2.7144980128376934,9.810855269202436,2
0.5428228793205601,9.843330577128416,2
12.036021968420663,15.304138870143253,3
-1.687644040391515,1.0669595472438322,0
-2.834784210255114,-0.0408103383129365,0
-0.4053079590642135,10.13688791393511,2
1.339313205445645,-1.5911841436387666,0
2.811960525953883,12.533928825866163,2
3.322647831105078,10.071100370926624,2
1.0035933381111461,8.41280078192725,2
7.395266233727309,0.17497426398749194,1
11.403133893558884,9.392758113637983,3
8.929332940781231,9.421736847962691,3
12.073014346122587,13.253036836816142,3
1.37432483267515,-6.0320101696027,0
11.592802470294773,11.026936512257315,3
2.8704294841543323,1.9527027607921803,0
-1.3797339148810182,9.97009068987402,2
10.31734258445872,1.6474989035121186,1
2.232512653603947,9.93336223924481,2
9.079596636369974,14.31798913874103,3
2.386683689925843,11.018445018250814,2
-1.6674567282158081,-5.093733588966739,0
11.71491016932221,3.3012904398313414,1
8.88406171361635,0.3036560285734211,1
12.329159913820245,-1.8836269400324857,1
-0.303556224787583,-0.34944579833889766,0
8.490982588234067,-0.7259977120385409,1
-3.4031993752130103,13.471071220038775,2
-0.42783607020647846,0.37878856907609443,0
6.964307486133574,2.107118957671828,1
7.13584882702391,-0.7803682156913277,1
-0.2585456754506551,-0.18194214448999738,0
10.385930296874145,0.08885321612409625,1
10.982438110080954,8.210486384703817,3
2.693035081736795,-1.1618103525686578,0
1.6788680654201888,10.950630350744463,2
2.7627148417957974,11.176611170624875,2
7.920826625908298,0.7745043776866316,1
1.0281209938996456,-1.2357017107715802,0
11.712712862791253,8.718655141491297,3
0.278297995621979,6.351154590094312,2
5.211504173239344,0.10598312392500978,1
11.845320432034667,13.197892296191213,3
9.625628733661376,9.653004783586187,3
11.167320714092948,7.458147464196329,3
14.9069652238124,-4.2945894868107315,1
9.739793563056478,-0.23358477750759868,1
2.0290614712020654,11.630105973365225,2
0.3451782500798394,1.9096839577621694,0
1.7785760174301413,10.19487781768089,2
10.023020267781614,-1.9565570537299921,1
-2.0585066932846385,9.51452427073054,2
-1.16409445134761,14.678271333135847,2
6.434562632905538,-3.903594373719997,1
-0.09774456135568829,-0.884968469682122,0
10.531207467970065,10.51250097141833,3
12.763690156064843,-0.26181066479078874,1
2.6793620303121433,8.155881353478867,2
9.721621385245344,6.73137615653456,3
1.7293155716546078,7.718796553370225,2
-0.5491917598712632,0.12217981533570031,0
8.754052507372183,13.472686478498359,3
-1.1363674456996407,12.269505539281958,2
2.7670074909679863,-1.4312700317264782,0
1.465305007611337,0.1408254774469674,0
10.333300698441153,-1.3822495293839174,1
11.523098146619589,10.226888887125103,3
2.688259091272736,0.13477743033739678,0
10.273852639596539,9.014582662355972,3
-2.086481461521987,2.8247839856807277,0
-2.6156466381986707,9.933158874437645,2
11.640274789018019,1.9886557891414385,1
10.807306931735162,5.413914747944182,3
9.285073494918883,11.09309585416132,3
-0.8313247646390374,12.546578572369846,2
11.18515259092095,13.235834851764327,3
-3.268674464443908,-0.6023629620461315,0
-1.187622315103318,16.225907794250304,2
10.846852569590771,0.05627212269522645,1
-2.412038926483562,-1.065586702924181,0
7.827314818219795,5.070321377415617,1
0.9216022004674831,8.126628703103718,2
12.852261866594045,1.544318238683855,1
-1.780563412634201,10.012174904520432,2
11.841121152381943,12.750113077017044,3
10.104932367259865,8.634705743221662,3
-0.9577362688174956,8.190908626870307,2
9.581294021266077,-0.6305259281195128,1
11.779219171715024,7.555835032222165,3
9.98135578116805,9.830922638424873,3
10.522859244071444,-0.5548163359772782,1
-1.7659904797621278,12.256554162008614,2
2.666478727874924,-0.25544113835342147,0
-2.4435590179316384,9.009969564778272,2
2.041904174713281,7.490355456871565,2
2.571191096986789,9.810830751419084,2
9.048226947604437,2.971739380828306,1
8.936830130882408,2.0082622379916124,1
-3.2551560460022317,8.646123676272307,2
10.661722543817199,-0.877306255663024,1
10.402349136416499,10.216283536122926,3
-0.49307052370463766,1.3934528512667002,0
0.6332079967640526,-1.0544044391007894,0
1.945280893139216,-2.891733015194551,0
2.6741684053659855,0.24530643145837783,0
2.5053026026285323,1.7804585984657815,0
8.603032683542693,-0.8410486389141183,1
9.34535921047424,1.2670264758621663,1
1.3504880463174647,-1.8574122613477548,0
9.143173373053713,10.947826207040636,3
1.113047287396278,7.367165275862346,2
10.663552995710813,13.0078145086215,3
10.738339528357232,0.6989871469222686,1
-0.5689977450843646,0.5674813869887109,0
-1.1008220241534028,0.5531920755321929,0
0.9883823417631646,-4.2088948989702395,0
1.8825516068881905,5.913608506880625,2
7.668859317604181,9.712342250508852,3
2.1734400635672566,10.5648394348532,2
5.226696487805778,10.685692153876678,3
0.8121206437054068,10.582480550204457,2
9.153479783950639,10.629987137958835,3
-1.1327098248137082,-1.6439901883890207,0
0.42184209515873605,10.081689785599577,2
11.114766898011347,11.654144961651792,3
11.566370117189162,10.041301590272058,3
2.3364612544944396,13.164532330746823,2
9.619950412148178,-1.9196629083746197,1
-2.0140614753892696,2.0172013669331292,0
8.03940608538436,-2.061448715446262,1
10.057005670622683,10.07099349018388,3
2.43788071957967,10.929349997957772,2
-3.2611870692332747,-1.7841999687681345,0
-0.14871738598290918,9.119162294408076,2
11.108590872924593,-2.49321230240768,1
9.212084935587061,-3.269105711024095,1
2.570623745386544,0.27083728370366766,0
2.098363377741388,1.7504308803202768,0
-1.1244138540958433,10.682248180125635,2
-0.9375811953553546,-0.032326494232012365,0
8.378024002642578,10.897420599891522,3
3.4742931718302095,-4.080287043290118,0
-0.36384805350078153,13.075087251369515,2
1.9292507484180583,-3.826353072740149,0
10.67562875653263,-0.7251795585714795,1
3.076858302184257,5.913893645241822,2
9.52196371919534,11.239006496936536,3
1.0714171212282864,11.892085685717566,2
-0.2553031611202208,1.1726151487617271,0
-0.7737334446002252,8.682520129595199,2
0.39540144326098303,-3.134408319886988,0
0.9379590283390365,11.156059570718636,2
-1.088822381943067,11.179969562430218,2
9.379080106476009,-0.6067402082882942,1
-0.29575767663509883,0.9885441737183942,0
0.7259512763505241,9.405066887178105,2
8.352591280483372,7.834327931332891,3
2.094888566902006,4.744390701141156,2
1.7050466000521185,7.254000568856801,2
11.749880965029801,-2.633201100750032,1
-0.2573146272129739,1.8176699439749715,0
11.138108955385995,1.367258146769263,1
-2.220413089205409,-1.3290078559772993,0
14.069823055781885,9.505022229317909,3
-1.4184701914506606,11.287259363906614,2
11.36357315480405,9.571624823480606,3
8.973966084331115,8.488537317189035,3
-1.442325417375052,2.8063498480763993,0
-1.5100942791289764,13.3556631743202,2
10.694264052231059,-2.738538959094249,1
8.204609393999386,10.934645682944646,3
-0.7374120285653696,0.9233111450228685,0
-2.155999798283184,1.631141962815181,0
-3.683465611081732,0.5981437334920979,0
10.12271064748157,7.422384044773828,3
1.1615021307128215,-0.9983527917451548,0
7.324549525572099,5.360265707505385,3
9.273058209159988,11.359425175971952,3
9.984090335745552,7.406218088060109,3
8.640606559381403,1.552683893815374,1
-0.3021881459911396,-0.3044985416527476,0
9.396838414571665,10.433911796134417,3
13.318996276682713,6.585769142539636,3
5.760555276536028,-0.4148318610908905,1
11.832663732837464,11.666235868927567,3
-2.7071448246424104,1.1582694788269259,0
0.06539186533630444,1.6359937475651667,0
8.95424515490069,1.1999478555192935,1
14.184235460162693,11.658496035870405,3
-0.346148610252836,-3.513449399544073,0
10.915541647090526,10.656706038778253,3
0.19832248305941633,9.157053503761693,2
-3.2850346294452133,-4.251832638280379,0
9.08666701728642,9.659935214521752,3
1.031891787421889,9.24641626136906,2
9.420131334371106,1.3355792990098274,1
1.903378198580145,11.76466591537956,2
-0.016855882068663616,11.35752804322178,2
10.620031838531307,10.59347765254654,3
2.2873210810909996,1.2105741162174486,0
9.469453933972304,-1.9177319725008688,1
4.959211871558613,10.945994140494598,2
0.28448300012577843,8.656446575997379,2
-2.012795493456161,8.130564175316636,2
0.9340843560436591,7.8138425979819015,2
9.761206954438297,1.516978906490486,1
9.523575729397729,-0.7077021005661364,1
10.175079883271168,11.579729583013291,3
7.831401619797265,10.272484089551075,3
12.751850305565837,1.5232349134545013,1
6.927697962326809,12.294155021935268,3
8.944806190138388,3.9887578411578346,1
0.9476508960182155,-1.2915242350249445,0
3.8765849697899153,9.289375440884099,2
7.38288971620897,-1.2638864881534477,1
14.855324107159724,0.895407024801982,1
12.963053180643701,8.001868605677627,3
14.091958123222161,9.407209413222063,3
11.573455361252014,8.405636890001404,3
-1.8153861393577966,1.3283675486838296,0
5.38203709550603,-0.5142712818986184,1
9.934847342471995,10.3622919431163,3
9.219639822945611,6.4490797071802675,3
10.060078132089686,-1.8079361068428201,1
0.15248109732229198,0.6145734803478639,0
0.25350936735536395,1.8104552828702318,0
9.493745818732418,10.952320894110143,3
9.354823351639443,0.5287935919640782,1
1.2785599909999492,8.707006320088633,2
-1.8349430578180188,11.935299358435627,2
-1.1465378565001896,-2.4080254439957414,0
2.632341863858459,9.552449406795608,2
-5.340357605993587,1.7926450656098647,0
1.6156757646236295,-1.6380679691737137,0
10.884159799218757,8.13520402396411,3
-0.20379895141593046,0.9993508206148934,0
2.8298077338870913,-1.805110023985013,0
7.270308128994759,-0.4776123348806481,1
-0.5757216639969802,13.288172700864155,2
10.562067115391264,-3.338759296969541,1
11.69478159438266,1.6553119751963192,1
-0.4178103018568862,-0.3943102231595427,0
12.188267135964027,0.646758681735546,1
1.4735617998046981,8.945124231101945,2
-1.9542867797419023,-2.4735129112305025,0
-1.2295044761316494,7.781089310687973,2
8.372597852473833,6.577324739666183,1
-2.0040760775408377,0.49052993127038635,0
3.336407531874808,0.5996885911615844,0
13.06836006978322,7.506167983353454,3
10.469112865482042,10.576598867733159,3
8.172213223995863,10.824080383344869,3
10.674843554344449,1.9156833295804412,1
0.6661245916148105,-0.8051891608243897,0
-0.9935510922131124,12.506981811414825,2
9.654685603115396,13.584830720093706,3
8.537398541200655,1.0558861153703223,1
10.977033320931094,1.8392303339874165,1
0.6659455398996706,13.223375711948776,2
1.3544249097403012,-4.79717957724615,0
0.3027038444451228,12.609476333685173,2
10.847054332787886,8.739850138605531,3
10.323291500529242,12.160408217985887,3
1.1189159607996293,9.363167244192397,2
-1.9470664047141433,13.595717926287385,2
10.125770803798694,9.47864007892247,3
9.708979826617258,-0.06374935722677617,1
7.552454344691336,8.501501740481576,3
12.611089381058727,8.86152339557482,3
11.651146925113316,0.5415658645046445,1
11.42138303533578,10.172756042249247,3
9.735246416981319,2.4717272173473956,1
-1.0712863980921652,1.8997960592360998,0
1.32736839323643,9.491586825520104,2
-1.4459977725995887,0.5069957142201904,0
0.6598559891900895,10.987029483378768,2
10.254299393149854,5.9125662015188105,3
1.5527311727912345,1.6775328747740763,0
1.5480174109561027,8.671548822627294,2
7.694473127957375,-3.737030679027405,1
0.5132067218629445,14.516250932342295,2
14.003716409940317,13.79412417482698,3
-1.1100206968781885,11.574502668020054,2
-0.6106587591960354,2.2329842982665147,0
7.398366473890461,12.019718390018436,3
10.907260842648531,11.655582958140807,3
-2.2018131467659523,-1.3924824990367959,0
8.390125935766696,0.7578234374831184,1
-4.525185786194315,11.315298330336523,2
-3.1488645779170517,7.685568940091416,2
-0.621763746997001,11.677368642473311,2
8.225445108792094,9.709077053021716,3
7.387665704151733,3.897699323655482,1
12.212504076820984,-0.2053630854951201,1
7.885108408923523,9.094720480631532,3
-1.4983600440767797,5.975669918354797,2
10.924566032441124,-0.6584683430610864,1
7.16200246059983,12.666497697858313,3
5.919465854016588,-0.2241535639584531,1
-1.9902935515622306,0.970932073366036,0
1.1743610985648174,6.682700605463527,2
0.7017755913363424,0.48203854744104024,0
0.9060704625213615,11.220455730368137,2
-2.3937749070315055,1.155370724572981,0
-0.654209445385059,1.1515907082589198,0
2.5756877096826694,11.940872523659564,2
-2.377554458973472,0.05173393468636419,0
6.60436732189066,-1.960585896786712,1
11.771430573274236,12.233147751221006,3
11.7125820859389,-0.24428034038057603,1
-0.2285154146652269,-0.7013520862300725,0
-3.8923291412929375,2.8397148328172825,0
4.5785385492253035,-2.5884462589051376,0
11.040299291097826,-0.5292481589652358,1
10.802474526557376,-3.0084172511764,1
4.734100159705983,0.774947141782098,0
11.829821056297668,-0.9168074695628236,1
1.4068751988913526,-2.42949427010059,0
10.542520030913234,-0.12317273868239466,1
0.4393846803701652,12.041237264598148,2
1.9661324482523277,11.687968236365723,2
11.096256856989765,9.483969055916498,3
-0.9983653195038531,13.75907217011647,2
2.2902806785436125,-0.26924431609994615,0
1.1406878093366675,11.695329873264912,2
8.920063472531746,5.211878430295787,1
7.878196995275962,8.653647185806605,3
10.365727770107666,2.591600344304724,1
11.892698283861877,8.885768330687826,3
-0.9189795132891752,10.414442365624717,2
-0.9650329466627041,10.058875122346452,2
-0.9743052558713335,8.39491576103192,2
-0.45534721042411225,11.973598023628638,2
9.786996026470483,1.1169176455997698,1
11.090110343276839,-0.9226519406115338,1
-0.9619378008973264,2.4553102869786243,0
0.07471267370615987,2.102286449276267,0
11.197895219393482,6.074142421532328,3
7.921883882102512,10.346602056405834,3
12.131090351732123,0.912453364628241,1
-1.2665427105755465,11.517932965934776,2
-1.9460216928836795,10.506568542850784,2
1.7261188922787816,9.049113304114934,2
12.061528405374276,9.516505261235713,3
-1.9386245145398635,0.5505727087125952,0
0.8873243015527303,11.801722796106674,2
0.42455894388065,-3.107813543480913,0
5.181192513822468,7.0794472464277085,2
9.459016360019424,10.44131489445862,3
13.360408121844689,9.730070455741819,3
0.8959008353586081,-1.4586528506135312,0
10.442858732238053,8.90054609571369,3
10.997453245596574,10.349110221649852,3
1.8865994139468587,-0.5137954013292799,0
9.66174522440627,-1.023154477050725,1
10.61428775148027,-0.02654514063157751,1
1.9701351699064737,-0.43350037818666276,0
10.21458556235628,-3.3974054125541073,1
-0.43476329476549325,14.537605732469054,2
8.331498218363961,9.901753362625787,3
-0.28835194365352596,7.775329068227503,2
1.1030119038434854,10.098379067148388,2
0.8083904439239236,10.938260564162075,2
-1.3688326751778828,10.522302586829984,2
9.448486925783438,3.043422941635381,1
11.448538940349646,-0.3069083417751004,1
8.726156714147178,12.073224158114819,3
8.857586444214467,-1.8359772111645063,1
-0.2262024140519868,9.053981448076362,2
2.336243731433445,-0.6423912595996876,0
10.611185334663954,1.5330569476169709,1
10.214038677383268,6.082773810939512,3
-0.5303573913959154,-1.724056690757414,0
7.856724214371753,9.05239100715068,3
7.815878491790496,-3.2000853184209626,1
10.113820461532601,8.776919605332651,3
-2.20695647925527,7.617237477314146,2
10.157570459634481,11.539343991189673,3
14.147525295387776,0.1128251656473334,1
12.494018674794724,1.2587536528196,1
-0.9084859188819144,10.384896313314638,2
10.416447621143313,1.6815315624642508,1
12.560427833092948,11.56838851781612,3
-0.5399304294463286,-0.8016084469038347,0
15.127404252525082,9.697204953819181,3
12.076044593662436,3.483185539463009,1
10.640080778356657,11.504645092562251,3
9.429215517335635,1.5330662282043002,1
-0.42935759867998535,2.987672753064995,0
-3.1824613596606537,14.064459413747986,2
10.374137957375712,-2.1698527007568353,1
10.159163503691106,-6.713656318714413,1
9.261474533220014,7.260766864824598,3
-0.6426197528320141,-0.5131039645179433,0
1.5598308507779088,2.6733595766673894,0
10.17724219436522,0.5413878140195322,1
-1.2477388379131393,1.4172391084556621,0
1.5665866148474075,1.0620052407385816,0
-0.022529091587787986,0.6914772291754963,0
10.850736663776537,13.152600387198845,3
3.16429999706886,9.354399352301055,2
9.227998411940877,-3.2619086892564577,1
2.764706180595485,-4.065953634190651,0
10.114038459670319,0.41649326794141917,1
-2.44583450177373,3.356775392617804,0
7.814224559729153,1.2067007601266966,1
-0.9456135904280993,4.501983615318035,0
9.245737106873955,9.765126213921036,3
0.6728772548922672,10.914084714119879,2
0.13229800936981337,0.9834681320513486,0
2.9054742242900224,3.0795089596398117,0
-3.4384857873782066,1.9451404054639414,0
7.030280006273247,1.3694374077524223,1
2.6095124642371776,14.600144303835728,2
12.50429592660876,10.281703716522022,3
-1.8087725640525365,10.98517249093935,2
2.493040775562134,-2.786661464882236,0
-0.9605771863548394,10.546382915805147,2
8.223498317224486,-3.8944233095479714,1
0.4338036910930291,-1.5327316918248082,0
12.105495089609974,-2.0725568599702573,1
-3.9845941881461706,7.662402988752972,2
2.9756491065316046,9.635408880689424,2
-1.399955657995441,-1.613108885202396,0
11.599497195552907,0.799265230234975,1
10.154424132138859,-1.456659296886967,1
1.8390260568511079,11.162424357777995,2
10.799157469635086,-1.7419211239098205,1
12.24477811587612,-1.3987761060664652,1
8.346006376979927,11.174336978346455,3
1.3948717811752196,10.221620640921186,2
8.731197921131011,-3.1280437770963134,1
8.72182872435417,3.7982989092342465,1
9.989553489227003,7.192382257556549,3
10.468294842880535,-0.41792106178452787,1
10.51204812034404,10.809563646409574,3
-0.8945274532953149,12.668162008776912,2
-0.37866844966327307,2.593952693173031,0
-0.6686630544172298,7.846785815227587,2
9.802266741725058,12.831866598384357,3
-2.2255584140554756,3.0882814866706196,0
9.725897564423363,11.113848888925135,3
11.552684086670723,1.017837042892991,1
0.4712055588256463,2.1993907958623744,0
2.276570425723145,9.50274745390456,2
15.128624378668363,-0.21347404418267513,1
0.4490527707590802,-1.0395104758630926,0
12.175215086873617,-0.12404555844425576,1
12.200783753782462,-0.4098979030373794,1
11.661434919064426,2.357840045897832,1
10.169045017404123,0.011929819774706769,1
10.840727509541315,1.4659282207713134,1
1.779445322959805,11.39018723229918,2
-0.3525365742114015,-1.9327528960952456,0
7.716308838890727,-0.40659184641445706,1
11.502033984908254,7.853036905423383,3
12.723459311310979,9.917054192948754,3
7.706394767133244,11.741411487247237,3
-1.0072924405860642,12.756038425805201,2
10.238885629084416,9.505134380030706,3
9.366122361453007,1.6775496478588436,1
9.518356736341826,9.185279454331816,3
-0.4495135205006175,0.7349296102995959,0
-0.4395685312885008,12.73396605842344,2
5.0074079518012455,9.807480890545392,3
10.713578215502197,0.2553477037957816,1
8.9892290784803,1.888177451459101,1
0.09773503283961611,0.22198445080529222,0
-1.6271140393188486,0.9231160345141491,0
9.020612180287776,9.813370415975283,3
11.413423515227118,9.735675318469717,3
9.123194912077693,0.14682970286481803,1
11.71574923376892,0.07695828876904491,1
-5.033477897397772,11.860420052583212,2
11.030252126922473,8.254631810148359,3
11.69212745363925,8.270073749219726,3
12.473689169831037,-1.9354705536248955,1
-0.15153292137334787,-1.938835065788573,0
-0.5649428165309868,-2.180230100107967,0
10.402873491568748,-0.9684408446278151,1
9.369533372983808,8.355777413508092,3
-1.6068149424447022,10.594703414291157,2
9.596243002413114,-1.5313566391400608,1
11.332816023682646,9.589740037325186,3
8.598102949619221,5.452191271812671,3
13.273757941052928,9.999639622494872,3
12.856960058029529,8.441967870139527,3
-0.9675367236830124,-1.376544999911115,0
8.80531016602573,-1.2312982687326768,1
-4.356363090238316,7.571248769173577,2
7.374769112994922,9.794909167550351,3
-4.689277439320885,0.705897143836581,0
9.73633260595811,3.6591655924060484,1
1.22453792543728,10.58336185275499,2
-1.0157086748263153,8.137023712116841,2
10.199116117174409,10.870866241102494,3
10.27808599094748,-2.587943496054758,1
10.35991094454972,2.4022790911107883,1
13.682787521315493,0.6493085847289476,1
8.96278268100183,-0.3328356064521653,1
15.127225394641464,7.570970942165003,3
1.0842261948917036,9.96786337278247,2
8.857345645139333,3.397528821192723,1
8.120380765297538,2.1221403602876325,1
-0.6917642529834754,-1.5920864280540592,0
10.346448447326427,0.5703817135179203,1
1.0735973662087352,1.6513161739114615,0
5.43452192918207,-1.1983675013596458,1
-1.573619172286928,11.41434407175672,2
1.7563506170269998,9.26359545693109,2
11.29822815703214,0.06034648986601664,1
9.20689070336024,12.333319781371223,3
6.2520466191043225,9.867697760141539,3
7.792122823513354,-4.6999191925805315,1
9.172182750092698,8.421500144167002,3
11.287211647802103,4.307207309824403,1
7.867984429677017,-1.6652943762031198,1
-0.17100981225708295,1.411286347451426,0
-0.8773789454178474,8.47999509271279,2
7.2803228971111675,11.825924441165018,3
10.927106173717615,-1.2448234612799889,1
-1.5261869296111188,-3.0833219172108586,0
11.846943824071394,7.94420182704718,3
-2.7336035620886454,6.769117970447372,2
-1.881168540124359,0.21026976304896716,0
10.11832140980241,-4.506065094363777,1
-1.246351302051604,-2.5228417039864985,0
10.775837199697737,8.631117321695658,3
0.504823247050723,7.141743186775848,2
-0.9986942354823986,10.062583752201082,2
9.461392503174965,0.5535935310781837,1
-1.5824438449896796,10.936285453795833,2
4.432439455069859,-0.17340578593379727,1
-0.448972052122104,11.158957118638352,2
0.8965863281803391,1.6290522894505852,0
10.665905198115734,9.034922773828193,3
-0.9602168758679492,9.599060109817497,2
1.405132230730724,-2.5412492777442597,0
11.109408266858663,-1.3865385318797092,1
8.987085471070703,-1.607403512619634,1
13.493471702803484,13.889389329127129,3
-2.8259039597833238,14.357870908503394,2
-0.6182979456926458,-1.1980113717377168,0
11.436344688894518,-1.6723235786191362,1
-0.6012344669820692,2.1847934839285426,0
10.93304766819243,-2.842462393582355,1
-4.718528649459512,-1.5553554114859665,0
11.441506373009037,-3.831108249892332,1
-2.929113888169628,15.729079020956293,2
8.56991442170683,0.9180531752126448,1
8.271792918219147,6.880004494623104,3
9.800937621916438,11.799207747550524,3
-0.680392451955026,6.3118094726842555,2
12.730899710607119,11.79030637017367,3
-1.294311580734417,14.3591193409255,2
8.881686277466342,-0.211473614474573,1
6.9021842091016135,8.68988170673013,3
10.893741596669813,1.26091860431138,1
-0.20426654680341574,-2.9899024325335373,0
10.899671015481822,8.907527909981306,3
9.511032348919825,9.54859777215984,3
10.791254511417414,2.8280517639316787,1
10.751879784299822,10.472827352591665,3
0.7936437303453195,8.781070008791746,2
0.31107851738022,11.817295071483159,2
11.797381323119652,1.319783578152567,1
-0.13017720671968522,1.2887150786910275,0
5.03165644854189,4.61523511379151,0
2.222595814275798,12.646527730380102,2
11.34572430711568,9.185813697857656,3
3.133544364179158,1.318569230018379,0
9.891739230821923,9.420661537323696,3
2.042030943929763,8.961693348628685,2
2.579135925157548,-0.3059180625696245,0
9.465786092172518,2.4847331999270135,1
10.51874141301049,13.098700219244332,3
10.934298757346971,8.74299888745922,3
1.6711457894172415,-2.4665321145113075,0
-0.21036393826165053,13.205543511648496,2
9.510006783856769,8.65680286574753,3
-2.70761000227626,-0.3920463283790082,0
0.4148442354967958,-1.9026175069983102,0
8.893939113078515,11.655758401367818,3
3.1011367243740726,10.169793015099607,2
-1.0152708349315673,-2.4316737691896853,0
13.951119150389866,-3.0996123611101525,1
8.184520172901628,11.374064817061702,3
6.70612340316878,9.023264078310884,3
10.646374216313657,-0.5143929861274739,1
2.2396658774055953,7.823368445857408,2
1.8948378244626545,2.2106772549293603,0
10.982506429645595,-1.0299384539143426,1
0.1937679978426567,10.619475577810736,2
9.037788040463791,10.579038318266164,3
11.583036072013115,3.510108439810117,1
-2.513692581975459,12.862344420037003,2
9.38048953314583,9.963286815751074,3
2.232895621131747,10.377292463821355,2
10.732180867053946,3.588760477803236,1
-3.8766409808875877,13.808004062034664,2
1.036540574257219,11.40895323524187,2
12.637062077062502,-0.42003065820363533,1
4.266602905647019,-0.6185238366126051,0
-1.0003622426818173,5.537396770289183,2
-0.5495237011455242,10.710876314822771,2
7.792942856583981,13.716352125955918,3
0.54692930129112,10.486532939237787,2
9.898707241141988,5.485013870890779,3
10.435753875230146,8.444684507661902,3
12.87206170486008,-0.4427263992835129,1
1.1199313582446917,0.388935254640421,0
10.15573040904045,13.848720351095103,3
1.0194345048697384,-0.3727189938402318,0
7.08474508092905,0.4614992714324262,1
-1.7532438812225473,12.162424565842867,2
0.08368343768612568,10.646258167383037,2
-2.637759066615326,0.061102806750091374,0
9.97699116337459,1.321470180553886,1
3.018513232246597,12.137369309790207,2
9.83036722202406,-1.164947364509522,1
1.8815821156589647,0.5092751544707812,0
8.391098802978581,13.198385215964725,3
1.4273506032625596,7.4887584935459035,2
11.708949497008238,0.8601229171722556,1
-1.3949209893680148,10.429166040195245,2
10.39902953888356,8.70254958137527,3
3.1597779192434547,10.486610542058608,2
11.70835489656993,-0.6948565842095944,1
-1.3191015440671556,11.348703780125481,2
11.914090509216011,10.232766927519135,3
0.9502240960441098,-1.037677558395159,0
1.7231566305828447,11.711167158485289,2
11.777224153775604,6.937991734014313,3
11.097594984894517,7.70025316856778,3
5.6180663255505765,6.7645668232869065,3
6.142577729424385,11.666636627825447,2
2.3365272885820705,1.1955144601858878,0
10.522025532469126,7.6992878742221755,3
1.301749101029131,9.355636841178214,2
-0.0056966659394640995,2.8747363805991877,0
-1.3985948634763623,10.423243766319443,2
-0.05936208665820046,11.414412395980541,2
8.44483944112605,4.522076824101307,1
0.04556516620056349,10.699879918293952,2
9.655827814501698,12.727936007265065,3
8.500305469901576,0.25105342594923646,1
0.42403275634169024,-1.8753920634431611,0
8.795478325089437,8.471472790079005,3
1.0682769415399789,-1.6295878408357671,0
7.289235556574303,1.6820336389701165,1
-0.5518753803971348,8.667700313262413,2
3.0372338020924814,10.318320550880696,2
-2.377020737621539,7.827193564832133,2
-2.0233936781096187,8.012820329452545,2
7.570723131301012,10.094434588323143,3
3.1683967436183953,8.622346429953357,2
8.5677205713144,0.8758129377566721,1
10.09921383043622,-1.5419518842459456,1
10.695847862245257,9.08381831982511,3
-0.7776452098174738,10.085982317067282,2
12.247040968944258,1.0561890763110722,1
9.496206688998281,0.7036030473886112,1
-2.834871543568536,-3.9043558391076436,0
9.231186261904735,10.674125227398205,3
3.800201055015275,-3.154964666945206,0
1.9659633615438674,11.485903366925335,2
11.47042456048097,12.498638650486406,3
0.1897439509476787,-1.2672378196548202,0
8.643376248016647,-0.3049150681600997,1
-1.4833921283609162,8.377613815538826,2
0.4428332150978873,13.83239042080083,2
6.61994055337537,0.4472598401292223,1
7.931643548206866,1.273347148435412,1
8.623282853798328,6.976181692319225,3
6.6979447532025045,-0.6468323083979771,1
11.874659314121981,12.035211523403557,3
9.569054784430618,1.286492751869963,1
13.255891034154075,7.724118481792237,3
9.119321518588498,5.123800363216372,3
-0.8351896512200487,-2.927329642182869,0
0.5802872066181938,0.026334506236125654,0
10.88168064399336,5.165530465865712,3
10.634273246658973,7.214358953761261,3
8.38594652636412,1.5102505970460487,1
9.450613678852415,6.540651582635788,3
2.8692286609615065,-5.768293160649679,0
10.916564456926235,9.985643947604197,3
11.387196818329386,2.4215130036330783,1
0.5177269524232523,-1.6568719981405415,0
1.4134893411453937,10.28452149959321,2
7.810828443664413,3.2033587225275606,1
2.814492520520671,-2.6564550328654186,0
6.727557156901267,7.474069446504592,3
0.5308217448427272,-0.7518094480612723,0
8.585485251640131,-1.932097937882491,1
8.91876902592963,10.526935367553323,3
6.254445630701061,-0.5004136647463358,1
13.259145720612265,12.912473351552483,3
10.635424917871118,0.5437693286764624,1
9.537396779468162,-1.6677129619492361,1
9.305122650161985,-2.5496509121747093,1
9.9781679179579,10.572848648906884,3
9.124017548281468,7.784897226765763,3
9.851150951594201,0.11182134586289169,1
8.8593547008277,10.374149586102215,3
7.696901978453532,-1.515869773245037,1
-1.0750606386400032,-0.8803532715687419,0
13.729400230596642,8.563828212306854,3
7.982691969922819,0.4033072783385402,1
2.514581690302502,-2.7412698787452023,0
9.756650816529516,-0.34371097916302495,1
1.9111971898119273,2.555345381144832,0
12.402117832933104,7.320235111450909,3
10.099456010564163,12.457520190290872,3
9.023577251496159,10.602073590913916,3
-0.6802396795389382,-2.1348723966704184,0
8.787580114229048,11.097114840637175,3
7.414092863505547,10.5496135174269,3
3.376491753339081,9.292898627071226,2
8.061407126636935,9.330163487674426,3
11.745604252299817,-3.9604078060453514,1
10.996040900237064,9.761381908942745,3
-0.6330025375035436,11.861290098199541,2
10.186240068697487,1.2566158377647623,1
-0.992223976772818,0.5378935045377671,0
11.664079085902195,-0.1103622403652913,1
10.368627841311339,15.66410752680543,3
0.5878140543121785,-1.2461226314988143,0
11.429797538246428,11.768946714711339,3
11.182094776557651,0.5621145300914101,1
10.762166985149113,12.123547340338531,3
3.526709896116164,7.962945067221793,2
-0.47704116798000656,8.174814510250636,2
-2.8715463655948,1.252866250078782,0
5.7580515666964684,9.972109010825061,3
-2.343316071528231,0.9978064973975515,0
0.2352158678940523,2.4482189263978724,0
10.185183120595465,1.3205594973522816,1
-0.17884381583733142,-0.6020335717347931,0
10.316007681189742,13.79303702231588,3
0.15969518752713638,-0.7347226676278714,0
9.340227440207222,-3.8010321680787693,1
-3.198153467146098,5.941237062844693,2
1.1060801131243432,-2.9344069686496215,0
10.150722917383634,10.185462783724452,3
10.84490403057316,11.847719653575155,3
5.7230282986910055,8.096270914213083,3
-0.5100210887744832,9.53609656139976,2
9.150934862969105,-0.6065765491031171,1
-0.47506633895634687,11.33563939333934,2
0.255846515508787,13.948313477966265,2
0.1449050314302109,10.756420517700885,2
10.632799784202385,-2.652761430844416,1
9.159226965624288,10.7845893724208,3
9.49675109966846,11.968980440374821,3
2.1890558618145985,11.772946364015219,2
11.589498432685948,10.848193765832942,3
6.898514424593916,0.48820295544211106,1
0.5592831736523046,9.503440629817584,2
-0.46393538829277686,1.7230826341738392,0
11.055165067538326,10.645255869405583,3
8.96842573283017,8.762738743608827,3
8.477707410099393,8.787381458305536,3
12.7231001885074,13.957613045524072,3
12.080310011997819,10.496435674668135,3
9.556816148644382,7.332031805962451,3
8.871360740260986,2.902514222978149,1
0.3337743113427012,-3.3952818988073723,0
12.496380741520577,0.2359584881062766,1
9.035230453909922,9.2066577757231,3
12.583352827056572,10.196369087255606,3
-1.366037498662661,0.8035770835973493,0
6.839211370368107,-0.7150698935934188,1
7.8358640879939605,3.101289038318735,1
11.223342846496147,2.3769865773680836,1
1.517468663206511,9.872610387245977,2
10.520916299599527,9.442473676933492,3
8.118166891644615,2.1176631642176296,1
10.219508282437756,10.049738286484729,3
7.969097134287557,10.312912944774512,3
-2.4298067436272386,12.564183202153906,2
10.094234016971003,0.28968031211322015,1
-0.67109106051212,5.619416448777803,2
-0.901414507289435,7.458101346216413,2
2.234665735210985,-0.6464744150374999,0
12.048115886211804,7.81380231594226,3
9.403811602718044,-0.36983447815706605,1
-1.5513129570673447,9.943521414901113,2
11.596943944479028,-1.8234800587365954,1
9.159861222951848,-0.23912716888378674,1
-1.72150732901771,9.7176671168649,2
9.58167687079102,5.457711876910589,3
10.319386463622635,-1.2305688454398183,1
-0.7713610592124965,9.925765544846175,2
6.623626401307208,0.46434695491737327,1
8.716378597685441,13.218612375714537,3
1.6997153861383625,12.700305610989506,2
8.690874089670988,0.04831972277577498,1
8.649456820734663,4.635127681080175,1
8.235201285118285,8.598325954519877,3
9.233181566939052,-1.7321973433570967,1
-2.427126530432962,11.370204808503512,2
-1.125999105450035,-0.19789141514665,0
0.4510041369885556,7.613963019864845,2
12.357553685544367,12.034490026245972,3
8.445466152121892,9.383799969789251,3
12.243439221722934,8.83147868985193,3
-0.09734695100985957,11.440557956774859,2
12.605678794987893,9.491150798765272,3
11.975143512306728,1.593324005940368,1
5.291641233679441,-1.432674508461209,0
5.5179824493013,1.8163797372055674,1
0.7891281394238899,-2.052008301200157,0
1.3016467049217308,2.807492827220446,0
0.7273188235024499,1.5286947730467062,0
7.106408110878203,10.763328611655867,3
8.84841317210768,-2.7528377748613133,1
2.5185706855521084,0.3202519544255453,0
0.6421537575077177,10.902458372146114,2
-3.1564837371255092,1.920229543664021,0
2.105861038722566,9.984450331042364,2
9.102368335156635,1.0151407685408314,1
0.6830920900760562,0.5052943464359045,0
12.093704889556308,-0.2798690504313704,1
10.303836063873142,-0.9281578914664554,1
8.736269151300712,0.14410462113850622,1
-1.8809462905261907,0.08409322111159086,0
12.758632978400868,0.5072006243539326,1
0.706846871626707,10.256853033433003,2
0.8305370510675681,-2.2346361203359155,0
-1.5056877911921178,10.891025589169935,2
-3.10636341806276,-2.794056655786452,0
-1.5533451250226125,8.322526055535032,2
8.976987469672341,9.752413849961455,3
-1.8220139631347192,8.797582568509938,2
-1.8766352730606106,-2.3710730719740187,0
11.775969230539713,9.364953876060243,3
8.74337315409788,-0.11343505969824151,1
-0.812994366184393,0.3823391911230525,0
0.9196426974921549,9.908827335668688,2
-0.7862180812081803,-0.37659861200635336,0
11.541040539675027,0.09177516805025791,1
8.681374368476318,9.679913043191945,3
14.708875667641387,-0.9776987825489145,1
8.720654380821887,-0.47312803221717653,1
-0.04081372136761843,1.7571070874206487,0
-1.0858827421800448,11.457543615629447,2
11.111278521647407,10.784662547118177,3
-2.1983077577612393,0.41744339595796137,0
0.16725142153769407,8.502934083432065,2
-1.2690785201409034,8.492019479816037,2
11.083126761665092,11.201599617789833,3
0.273804619404078,-0.5281438942026527,0
12.718037693426751,1.2865735749657388,1
-3.4309616030834933,-0.6159811932912086,0
5.754690336991103,7.311867042559923,3
10.573831512795422,0.32259387269101186,1
-0.7184865216390295,0.6899302863822799,0
-0.8610228932798196,-1.2744229205389601,0
-0.6132911104953612,8.24854927620089,2
2.719427778233558,-0.20769065451466687,0
9.840470552792215,8.403278024843306,3
10.032618917354212,0.45250547883449027,1
-2.4150023950595965,-1.1368436769199837,0
11.883070825899802,1.4454847415921799,1
-5.116483140157704,8.387020408585828,2
11.14711853179936,9.400740020087676,3
-1.1781291905418996,5.8281120544635785,2
8.775214652694501,6.369598256865796,3
-0.9007501715879911,-0.6914938856672422,0
12.90583442476203,10.364357508553583,3
-2.7940915938873743,6.185740822496204,2
10.862353039734645,-3.2952715104789183,1
8.324106196004834,1.003316563532775,1
7.101223162978728,0.29720437810772143,1
8.283809924074458,-0.10935743790042521,1
7.372149345744335,2.355233731839128,3
1.065427420627571,-1.1391864844788169,0
9.671694314319765,13.475900499549981,3
10.739026470349692,1.2802249828473407,1
7.987840932493116,10.307080805196085,3
-1.4399520479893888,-3.2711590615333357,0
9.722023019095808,-0.09695258691705787,1
10.646722456244094,0.7928866156825104,1
15.583615733382558,7.4213849483763354,3
1.8738121408200143,12.962548207593986,2
1.522777288083897,10.250439061447716,2
-1.2560290189904695,10.460501964586037,2
-1.1664110394028016,10.381142310798012,2
0.1528067599915021,-1.259888243988526,0
1.6682976357699446,0.8126948261764723,0
-0.2759910479729464,7.917936671347732,2
2.520040565631416,1.1775677843793784,0
10.164997876413164,3.23712248020343,1
-2.0987697404681236,12.932500874830804,2
-1.5524823150198028,2.4938551392061106,0
4.02739592448114,1.6237175743499517,0
-3.4499622813747224,10.044033106675489,2
10.95992133935807,0.9993734312536985,1
1.0074953946548015,0.07836172996577782,0
2.2535012898256634,12.338655113905988,2
9.30264728318933,11.12170804290803,3
-1.07570069335591,5.802162483420911,2
2.436515720935352,2.2338894133680474,0
8.567180423414133,-1.03057987105712,1
13.599745368654522,-1.339317504966048,1
9.899437888126057,7.741916272462072,3
11.233916116216673,9.554795916714056,3
9.82467125487395,-0.8521692884430943,1
11.778265253721559,1.3089636729779117,1
12.281644998085888,0.6572193721534101,1
-0.9325793154234806,1.0299757197514765,0
9.45692583315112,9.371792385461628,3
9.868290093201827,9.08814976047939,3
0.6849924438135562,6.163341111775065,2
-0.6090641813136143,9.371777709361405,2
0.260515901113413,11.410626982630315,2
9.707716751917568,12.033819916649108,3
1.305778557405388,-0.37408158887248577,0
11.4354553710808,1.486919956694578,1
12.203791045203253,9.50566853413391,3
3.8744786203894694,-1.7875780820908493,0
8.646856310588026,-1.6753064884478202,1
10.784674180613148,-1.9444881985709932,1
0.22421264881364691,-2.214292310549917,0
-0.9440275765669999,8.73617697629757,2
1.8547412701099906,11.425903779458492,2
1.2612416943283142,10.499350075991648,2
9.404936607247821,8.511659200237652,3
-2.4501152886710575,1.1216417522457605,0
10.552178330050083,11.957684547514663,3
-0.5317979883139584,12.75716305789756,2
-0.4840953215467726,10.992551715905655,2
6.519278747680113,9.806801805417674,3
-1.6595054017514743,0.7588912342669546,0
0.6808740091236348,-0.22836839495478387,0
9.824941488203885,-2.965213737721007,1
-3.2844420817511772,-1.5674903168490235,0
-0.28750651314096526,1.3145201677185423,0
12.567802329925566,9.793387334181686,3
2.708491055055093,-1.1433545245457273,0
11.37578132477021,2.2143432762900352,1
11.533308166546323,-1.4576565585535715,1
1.5201097887275743,-0.3643543583436122,0
-0.23510052760599187,10.467566073683368,2
1.1124770684205716,-1.482270630706374,0
11.348615060747958,12.23767354514716,3
9.137347177404049,6.502584494138416,3
-2.772176793236276,2.2421713771387553,0
8.554632715411241,7.9024476757080055,3
10.00537398299832,13.543507886888932,3
10.372968739598571,9.144250891097123,3
10.300274893324264,9.786884697568839,3
7.604617221968757,10.607539896807946,3
10.189607424757902,-2.2998202929283376,1
9.443953827506089,-0.2128060248500274,1
1.7879529518464268,-1.2586386264361489,0
-0.8011241083763591,1.0058308667429179,0
8.47058064078986,11.555077873739677,3
-2.7335961072544204,-1.5739041514423193,0
1.6001584652538747,2.0653747700068066,0
-1.9348530749058666,1.3622960557936938,0
1.224840998721208,-2.0695028828701614,0
1.9033899506079635,10.057498005976582,2
8.001657056379841,11.46173113343951,3
6.96493931079689,-1.6745708143598956,1
1.0309584461628272,-0.17451070493333234,0
-1.208008970206209,-0.32961368821658027,0
9.793674115763627,2.1544838175025034,1
2.8012217051252355,-1.6556367185205767,0
10.925120936035617,11.072232804588971,3
1.8254251473924967,8.960143591869544,2
8.179776923549825,4.410810380554382,1
-0.4421099069542031,-2.606812668926712,0
3.497193685449988,0.5173668057259354,0
6.147546666107928,16.406827296566362,3
-3.229234526173481,1.417449581912612,0
11.024110544819969,12.577197158049783,3
-0.5506976556023315,2.33249937454555,0
10.70851226334947,-1.2817816181553936,1
-2.574864005359418,0.539777955926535,0
0.25009035982543293,8.537515678856241,2
9.966286975301042,-0.43842548995493674,1
10.715651927039916,9.754150457556316,3
0.4317762178275742,1.512724575126769,0
10.397832266539613,-2.262823994814717,1
1.63237069862878,7.438443756050617,2
-1.3158580997733915,1.0950916023756847,0
3.4693563260778433,11.436933767211904,2
-1.0915998982312116,11.495809641004639,2
10.139992649104881,9.18231162143093,3
1.9727104791212147,8.449760282939899,2
-1.7269140610392333,6.099031636372887,2
12.499375846105359,9.463716889977276,3
-2.308467712788747,8.771903769346732,2
5.143474526635983,8.956238080444539,3
0.26463368418575306,12.448300753023304,2
12.601511274596975,6.718205531659345,3
4.060746783277129,11.385536889643294,2
2.0525971066284656,4.87949340090512,2
-0.43108818494826934,1.5704902950264135,0
2.4645098012593025,8.34738231076725,2
-3.249852336849891,-2.4956092942344,0
-1.4646655129464448,10.315281627608181,2
6.636599318032513,2.3035682072299752,1
1.4775416404047252,-0.4096044391060964,0
1.5572562319986085,8.879004427783325,2
-1.7062011972371565,1.7776467804607632,0
-2.043814948569668,9.622747340138135,2
1.4582996471894314,11.652357090369307,2
9.490943076413826,2.4178535912951693,1
-0.5066317908543527,-1.596658287031313,0
2.7617132519816576,1.925955099550653,0
0.8321884969547545,-2.247742271683392,0
9.00468220354696,-1.8052833404512247,1
-0.4125727781193871,2.9803513306544214,0
10.619338228529926,3.634132565721629,1
10.531569395098506,14.422081636678787,3
10.75527992070381,8.681166919189923,3
11.725008414031855,2.4543221061637364,1
1.6568496060734816,-0.04916073631292561,0
10.286402877992506,2.4868920676522297,1
-0.693814211335973,9.627055683175861,2
0.654247903394158,2.56600975332051,0
-0.10505322759954946,-5.213869734192744,0
1.1305830365899268,-1.1980943957564787,0
9.809372074181363,13.817259760928398,3
10.161322561398398,2.1858215125183227,1
11.117058252893393,2.4337507541714447,1
-0.9263281318622673,-2.927964931564653,0
-0.8448174489633297,8.081051632425913,2
10.867626748570691,-0.6715414219766047,1
10.748608926982584,9.989397274595436,3
-4.670029418270819,-2.3668008599144015,0
2.529259084329176,0.9700043451509436,0
9.723678488066058,8.26821722986373,3
0.3852146448716307,12.548288066561861,2
-0.7652280094576939,-0.5433471437669325,0
5.968040403872269,11.10141740685297,3
-0.6448128215704375,-1.7423506825385127,0
0.17028301488501127,10.093634835373908,2
6.905249967008752,-1.6834074979738989,1
7.596038323371846,2.5454040600071863,1
0.8257178547352948,-2.0662012204666302,0
-0.604642639745921,10.319626660137287,2
-1.8482958113798145,10.51318605196156,2
8.866310099789517,10.635338056331916,3
9.55933347839215,-1.8780624262076693,1
10.747589572214961,5.022957589403078,3
14.896617827312696,-2.2692955295812696,1
0.9807048577127089,1.660952466991025,0
-3.8986496136212536,11.474628603890766,2
9.675635887502038,7.136701703080574,3
0.6033604344453983,10.46693128907847,2
9.70354097890769,10.017422886511012,3
1.4614186517297354,8.959242158858492,2
1.8731173328376491,10.621699870618531,2
9.70403037737625,-5.819035284843862,1
1.106563024411762,-0.8083194516337724,0
14.537029673213867,-0.0118005842301893,1
7.454156714163688,7.308157030594847,3
0.3510111000345564,-1.8224418590538844,0
9.15239235917039,11.973169887560225,3
13.820662925774627,8.89192299558771,3
-1.8176113046338898,0.16615476294082654,0
7.19603081784758,-2.6885462261059,1
-0.6013570938054422,7.063169182049336,2
2.2683149807668666,10.936096593838029,2
0.20968582018312001,10.356472186364783,2
9.151174643205657,0.9300244353772004,1
8.585046608910785,1.5219652874729597,1
10.686131309201729,2.0232714106315464,1
7.435086490185394,-0.2577279653546073,1
2.6012427133982823,0.3983820997509235,0
-1.5555085711546877,8.29510560888372,2
7.876326152649279,4.078594464501966,1
10.231509606780259,10.439066718664359,3
-3.7364016545080703,0.5380469172729261,0
5.386048760331609,0.3295669000015964,1
8.62535822599742,10.857030296241335,3
10.79714123989461,3.1142252180937864,1
7.076634378566293,6.61030153283418,3
2.3223738981343014,14.471445845405148,2
12.866994665030388,-1.8722941261770263,1
4.735667363762667,-0.1117109064779148,0
-1.2289721952185118,9.661774376060897,2
11.76013465135043,1.007597934916009,1
-0.7716539918460255,7.120359478565867,2
8.434547900319926,0.711220206218954,1
-2.3691548126614683,8.95578281815033,2
0.8915613824582199,-3.059238143797075,0
12.96135234872751,1.1724487418700382,1
7.7491842039686665,5.571338159618111,3
-0.29825625143148826,3.458424412732537,0
2.627379717685147,9.676945524623811,2
-3.2776721405996576,10.261910886267424,2
8.826255480738972,7.840016291369613,3
6.962781238919408,11.345572734025508,3
13.184295208279728,-3.994866094098395,1
2.3059553194337297,9.47867749237486,2
-0.6222345671058481,1.73665806330154,0
11.491115541642277,8.513956154975494,3
-4.490251939496178,10.578587017661683,2
9.314841917036075,12.858071691910569,3
8.994814411103542,10.836236048576326,3
-0.7589691003529445,-0.8184782230337205,0
11.814707116591244,-1.039877083263389,1
15.079898252434209,-0.1679079459734218,1
0.3389356393606378,0.4271454626706691,0
10.967989501047123,-2.3956164062173175,1
-2.6145376805980294,9.427388057087786,2
8.765477906608101,12.635735456446756,3
8.46744397539269,10.921119322253189,3
-0.5933807271458875,11.278517512476316,2
3.5787782024127446,3.977131390839603,0
1.178101128295439,1.2488664779496736,0
10.375474490730277,-4.616922572839353,1
8.260228515489436,1.655366869639172,1
-2.0974548661237553,8.29788857827284,2
9.093815293475501,8.756778079647535,3
7.095361901460121,9.19947983328929,3
1.5978702008466212,10.902291524254023,2
9.512445439847406,13.348006122341374,3
-0.2492946233690588,-0.984018873807326,0
10.250876879255689,9.987763688106211,3
3.1194731522817163,2.2105934158280807,0
12.383500379368595,7.94592554103779,3
1.439885907220913,8.264617012264535,2
0.09055201620294831,-2.8606289479712332,0
-2.794746860792468,10.242570826205244,2
-3.1324367413733087,-0.5897908346291612,0
0.3662634799252135,-2.47895090478529,0
9.912827116398633,0.4775456476340508,1
11.504665019570982,-1.3199037944694056,1
7.8007907823959535,0.732639940279787,1
5.8836466169747155,11.600142284805317,3
1.702735710052079,-2.186352972642123,0
7.153369043563819,0.48979150169689295,1
7.813907153061313,13.961390652424516,3
6.741234677440266,2.602320745622445,1
7.865412048104281,-0.6848350837993066,1
-0.08182951978706722,3.1655991916412267,0
7.573670197637026,3.1796348585609056,1
10.772688782968059,-0.5466879695914673,1
8.841279238421393,2.462212028204848,1
10.49140474762106,11.390571767791538,3
3.0192301719752344,10.526030838171316,2
11.957014710178074,3.9272366966753935,1
-0.5385289238058695,11.80149195322278,2
6.25893467001473,-3.4021736191096688,1
2.0871371004831745,0.2576651895974284,0
-0.8749486355288796,11.337511861958777,2
13.481909053682037,7.665191637900463,3
-0.8641981518806692,-0.8665616989088926,0
11.77259245646296,2.2513542221147222,1
-1.6790983400013,13.834506991389226,2
8.734378423205436,0.7554118960890047,1
8.237090883208117,8.068876484204697,3
7.7302351416023605,0.46818233461821485,1
8.655883208280542,8.758766023742364,3
7.469391476643872,6.597200596421542,3
-3.880430441631217,-1.29428877661462,0
0.14265595296714864,-2.317985318705194,0
-0.9297277394933966,-0.13258013769059937,0
14.215374252329115,3.7738163278534658,1
10.586516216206832,2.155376827069981,1
10.948455524015024,14.496774236076973,3
8.895287125774065,8.541228854761165,3
9.540437151806389,0.6483520604898184,1
1.4110604910917806,12.521577830974238,2
-0.604674755987823,1.7363497728836705,0
6.00675045135495,7.913718794035292,3
8.434219963119341,1.1779693648805016,1
10.226776614705233,8.756932409617166,3
10.661609123975953,10.740628840078017,3
0.4284646110668047,0.6518518600810398,0
9.823208198878572,6.881277949128934,3
-0.5184016381174138,13.016771377703806,2
0.43779627573999785,-2.0827517137549734,0
12.070171421093022,-1.691130964170598,1
12.718135092854288,11.379152268552502,3
10.52178167063029,0.15615113901261252,1
1.6053903210335245,10.594415896078692,2
0.6749676347894954,-1.9626241130152215,0
9.604736383464939,8.959595564336968,3
0.2922260960542285,1.3683183126759924,0
-1.3701965285287803,6.969935084981856,2
8.815902570189973,1.3458561149180899,1
-2.3662058501173413,6.683017335267401,2
-2.030139707564196,8.979831829208855,2
12.310651644113294,9.258529899354635,3
11.84084590078887,-1.8247255120155856,1
-0.7961696190353614,-4.452116328621626,0
-1.8821222285338377,-0.1045300841850763,0
2.5252288284468984,0.2359680286203159,0
10.108263827263006,-3.1786515721662414,1
-3.350863605319729,2.680131509207595,0
0.033860968576011036,0.5940941144489539,0
10.057826412661159,12.341748448197993,3
9.99673764262381,8.761277153409523,3
-2.2267808647606997,3.05909294714932,0
9.709608092260712,11.431117146979846,3
-0.3316135773103405,1.6656601113645886,0
-1.1889469369437478,0.1876440470062609,0
0.7863999541852947,-0.8739159224561851,0
0.6901440389590927,2.4097434836977594,0
2.745380607410129,1.8541086818888797,0
11.395516330219852,8.448030147234585,3
9.713584014178002,10.542891807093984,3
8.911421111313567,1.4572545682054825,1
10.916205874177452,-1.5171236554333063,1
2.9441001254308787,-1.0540044853656387,0
1.05846840529691,12.421365108521119,2
9.377337358743123,12.543137824903654,3
11.110764724544481,10.720665164905768,3
0.5654955346874505,12.41088728713152,2
8.200746791725278,-0.835873899042742,1
-0.9659537389899939,11.059329734980762,2
8.912066996733836,10.758115522441068,3
10.796462949091447,12.211026509134895,3
1.3870416564112755,2.5933701762523143,0
-2.883032632990062,9.291783113101882,2
11.089319033998596,10.042444796827285,3
-2.4934915103089343,10.796189799139992,2
10.324273812339475,-0.6159453599834481,1
-2.698564222964343,2.531197703854357,0
12.193289052430805,12.726589493648888,3
13.10475235129757,9.692041326994595,3
3.384198329546391,11.47257093045036,2
11.348961495149892,12.954703147800663,3
12.26678358682541,15.914942472684736,3
1.979583914251765,11.039534270367763,2
8.309029696970574,9.459656405648495,3
0.5156161228372399,7.138898177661169,2
-0.5604386597254177,10.049206763827431,2
7.409624393170767,-2.1803973166939152,1
9.155623107736824,1.0357132421143895,1
12.186493801941015,1.1959438100920998,1
-2.119435135660465,-1.9651807800848318,0
4.087024330550048,-0.7579633126762931,0
0.28397831059488005,10.757516658420826,2
0.6646413526661455,-0.6126147439854407,0
5.928034534345282,12.71496145142113,3
-1.1858499937885851,-1.7569392864041127,0
9.591400836202164,8.662192343437619,3
13.20025253470276,8.857914590573996,3
13.363142169212114,2.2503577922784928,1
9.88154218716961,13.10865522301717,3
9.879700961693755,11.300625926166768,3
10.728029872851435,-2.0196662511294496,1
9.492458938357208,1.639315190965062,1
10.024723147358177,-2.3201730423564366,1
13.030869007168496,-0.5285270547381224,1
9.885536099936168,5.886521914991148,3
0.7123689555700741,0.3993669274715564,0
-0.8085834407763953,4.5194544187424945,0
11.392058210170978,12.126531906161478,3
11.549782298947978,-0.8324776756990223,1
1.001800568771062,2.541401528422027,0
2.2828954906727406,11.028135701750237,2
8.416468567788101,-3.5231911432190848,1
0.9628801603053245,4.843801911989271,0
12.985945744249774,10.521686671990823,3
6.778703312289571,0.955535400894778,1
2.165033392432682,10.865961385980656,2
11.976956626132543,9.693077274666686,3
10.064590875656231,9.374494059877982,3
-2.189427387156665,-0.0070121088797355955,0
8.613993343741356,11.636372849369202,3
10.589722515189868,-2.613492939585682,1
10.868563942928922,10.050851173412154,3
10.770032160869643,0.9671033108902897,1
11.170654141887855,7.039079484616941,3
8.391976516058648,12.749190750373483,3
8.134459924158294,4.1598669415524,3
0.7561353362615872,7.573066689142788,2
-2.187699785226791,2.5524544979164028,0
9.42554809746333,11.932955479935021,3
6.872065284972646,10.396283741242453,3
10.60235652940198,-0.7838773857249184,1
12.747971326104627,10.083100589884818,3
2.322955731869398,1.100593029887545,0
10.179120777335383,-0.7855965139289771,1
-0.29660302113875164,-1.4144644088728722,0
12.815192115937124,7.899637478181465,3
10.995999671558454,12.687683259347327,3
1.9391319325469298,10.152563479691377,2
8.989982349846738,13.227222553489511,3
-2.1692178852841333,0.6870709484857418,0
9.250818989791401,10.22282852423287,3
-0.38363102684549644,9.638679618622623,2
6.837844950280969,9.327151848177378,3
10.505843684173616,10.877667097819948,3
9.795876650890389,7.7198211430686285,3
11.627883259764571,-0.47317466294406874,1
-0.27877311305610114,8.672282256339333,2
-0.43308166428551065,-3.650349280046708,0
-0.7790850665000635,8.258151679623928,2
0.8197084560634924,11.962754064948347,2
10.255027128721252,-0.4729075777093454,1
11.083741059197658,-0.8433087187360813,1
12.301277894111571,3.454334533475869,1
10.170347447866591,3.283574207212351,1
7.169300329484975,-1.2314842415059257,1
11.997216506818848,-2.2660761688197306,1
1.1061507660254828,11.349818046407066,2
-2.1280958944779913,0.5463933104667653,0
-2.552392249919826,11.180142819595812,2
11.267995085824982,-0.40765115760414916,1
3.4229382205911496,-1.6645974248314308,0
8.75781226054192,-3.7044671224011787,1
-1.7135776083453034,14.124097610881478,2
10.04706828339253,10.86123723322145,3
9.99038053677087,11.474138340759467,3
0.03981487755258605,11.874858995918917,2
1.752609988853565,1.2916801419988684,0
11.186294893384725,-1.1308083102335158,1
12.21544976862744,-3.722180794326985,1
1.8101628958754699,11.282355091979912,2
0.2973396102028963,9.31165282314922,2
4.207144830910922,10.980359643850717,2
-2.384919857002115,0.046872975639937656,0
1.793044103510553,1.9061474028354333,0
9.025646534287876,0.7583418244272273,1
-2.0573251184671357,8.095214125748898,2
4.336436899837805,13.029263743011704,3
0.42970883436150187,9.408987020334747,2
8.372855499933932,-3.2218426058376504,1
2.2224454733107493,0.1891892842410832,0
12.277343517321702,-0.8958255883966949,1
-3.064964593901634,9.372786293865945,2
9.99775621211879,0.32664334354118335,1
-0.584375314617303,10.388063367340315,2
1.7180725921684035,10.07512998529815,2
